{
  "mouth_width": 0.5694060507266435,
  "brow_left": 1.7972789406776428,
  "brow_right": 1.6834830641746523,
  "teeth_open": 3.074312430775619
}