{
  "mouth_width": 0.5716161195741662,
  "brow_left": 1.1021979451179504,
  "brow_right": 1.0383608937263489,
  "teeth_open": 4.932152942319904
}