{"mouth_width": 0.5537494158129167, "brow_left": 1.4558148384094238, "brow_right": 1.4366879463195803, "teeth_open": 5.85493935881556}