{
  "mouth_width": 0.5679378540777078,
  "brow_left": 1.457035216882579,
  "brow_right": 1.3834587884315046,
  "teeth_open": 4.23175933849873
}