{
  "mouth_width": 0.5415312441881437,
  "brow_left": 1.7635937333106995,
  "brow_right": 1.6318059563636778,
  "teeth_open": 5.282299779171344
}