{"mouth_width": 0.5446305540335074, "brow_left": 2.0660132441092784, "brow_right": 1.9788905547906621, "teeth_open": 4.291529714815621, "head_pitch_offset": 178.44639492195972, "head_yaw_offset": 1.509370415651549, "head_roll_offset": 0.5757158998784474, "head_calibrated": true}