{"pitch": 0.7723250770472949, "yaw": 3.2137262352920275, "roll": -0.03672101075750165}