{"pitch": 2.282369499006171, "yaw": -0.24424458758418408, "roll": 1.5261958101444026}