{"pitch": -2.7229707538406336, "yaw": 5.490221999018355, "roll": 0.5614907055562777}