{"pitch": 2.4786859293719115, "yaw": 7.724364982417585, "roll": 0.914763059414259}