{"pitch": -13.25792356099784, "yaw": 8.110515636022344, "roll": 0.5544388178510694}